,epoch,time,train/box_loss,train/cls_loss,train/dfl_loss,metrics/precision(B),metrics/recall(B),metrics/mAP50(B),metrics/mAP50-95(B),val/box_loss,val/cls_loss,val/dfl_loss,lr/pg0,lr/pg1,lr/pg2
0,1.0,7.468466875,1.738254375,2.11614375,1.409034375,0.7018012499999999,0.530490625,0.635965625,0.254379375,1.402945625,1.86665875,1.3323062500000002,0.000652174,0.000652174,0.000652174
1,2.0,13.82979375,1.470409375,1.32194875,1.238055,0.656448125,0.6057125,0.639465,0.25410875,1.35443375,1.6068968750000001,1.2633,0.00131231,0.00131231,0.00131231
2,3.0,20.26340625,1.44984125,1.2717675000000002,1.2187649999999999,0.6557787500000001,0.6829168750000001,0.683505625,0.27998625,1.35746375,1.27357375,1.288125,0.00196585,0.00196585,0.00196585
3,4.0,26.66358125,1.422263125,1.232373125,1.209056875,0.6920181249999999,0.706109375,0.73555875,0.307904375,1.315619375,1.249315,1.2467981250000002,0.0019703,0.0019703,0.0019703
4,5.0,33.19499375,1.3875656250000001,1.188183125,1.195844375,0.698185625,0.729366875,0.75248625,0.34199749999999995,1.25351,1.1767,1.205078125,0.0019604,0.0019604,0.0019604
5,6.0,39.4629125,1.39096875,1.1957606250000001,1.203258125,0.728885,0.73826875,0.779441875,0.360393125,1.2542481250000002,1.12824875,1.2046056250000001,0.0019505,0.0019505,0.0019505
6,7.0,45.82696875,1.379205625,1.1714781250000001,1.189745625,0.717821875,0.6970425,0.74639,0.33708125,1.2734406249999999,1.145138125,1.2311006249999998,0.0019406,0.0019406,0.0019406
7,8.0,52.22793125,1.335334375,1.130595,1.178444375,0.7163775,0.73699,0.777870625,0.34184000000000003,1.3063756249999998,1.1174525,1.2319606250000001,0.0019307,0.0019307,0.0019307
8,9.0,58.50473125,1.339630625,1.12324,1.179764375,0.697131875,0.751595,0.7587556249999999,0.336500625,1.30655875,1.13212625,1.2332493750000002,0.0019208,0.0019208,0.0019208
9,10.0,64.725675,1.329540625,1.102370625,1.17011625,0.727841875,0.7637875000000001,0.796963125,0.382536875,1.199084375,1.074651875,1.171664375,0.0019109,0.0019109,0.0019109
10,11.0,70.96955625000001,1.3185968750000001,1.10398875,1.16164875,0.7429425000000001,0.7711281249999999,0.812225625,0.3944175,1.2139275,1.0394450000000002,1.173025625,0.001901,0.001901,0.001901
11,12.0,77.2576125,1.314545625,1.088578125,1.159023125,0.709121875,0.71614,0.75197625,0.32715937500000003,1.3759225,1.155844375,1.299243125,0.0018911,0.0018911,0.0018911
12,13.0,83.517575,1.301976875,1.084915,1.168615,0.7253149999999999,0.754695,0.7944843749999999,0.37947875,1.227611875,1.0693475000000001,1.1851681250000001,0.0018812,0.0018812,0.0018812
13,14.0,89.77839374999999,1.294948125,1.06136375,1.157335,0.7237675,0.7715706250000001,0.799859375,0.403385,1.200185,1.1003318750000002,1.1785062499999999,0.0018713,0.0018713,0.0018713
14,15.0,96.0536875,1.30529625,1.0666143750000001,1.1608025,0.727633125,0.765459375,0.7909200000000001,0.3610025,1.2918975000000001,1.06344125,1.208428125,0.0018614,0.0018614,0.0018614
15,16.0,102.30137500000001,1.286311875,1.0502737500000001,1.154016875,0.7486781250000001,0.76086375,0.812529375,0.38609,1.23724625,1.02395,1.1911925,0.0018515,0.0018515,0.0018515
16,17.0,108.55075,1.2887374999999999,1.0350731249999998,1.152221875,0.7153324999999999,0.740295,0.78795375,0.391815,1.22791375,1.0600537499999998,1.182184375,0.0018416,0.0018416,0.0018416
17,18.0,114.8344375,1.2980637499999998,1.0438062499999998,1.1634937500000002,0.702424375,0.745605625,0.7629425000000001,0.356193125,1.30236,1.14754375,1.251611875,0.0018317,0.0018317,0.0018317
18,19.0,120.953125,1.2659462499999998,1.031058125,1.1408143750000002,0.74767875,0.7829956250000001,0.8281112500000001,0.43693375,1.160848125,0.984163125,1.15678875,0.0018218,0.0018218,0.0018218
19,20.0,127.124875,1.276988125,1.03928,1.1405575,0.72878875,0.78012,0.809813125,0.382280625,1.2697981249999999,1.0475781249999998,1.21672,0.0018119,0.0018119,0.0018119
20,21.0,133.347375,1.28229625,1.0454712499999999,1.1422656249999998,0.741438125,0.7541443750000001,0.808528125,0.39248812499999997,1.22825375,1.0521681250000001,1.181281875,0.001802,0.001802,0.001802
21,22.0,139.511,1.261145,1.024759375,1.137019375,0.7236743750000001,0.7451918750000001,0.7923606249999999,0.37825875,1.250511875,1.0541506250000001,1.2063768750000001,0.0017921,0.0017921,0.0017921
22,23.0,145.6854375,1.28063375,1.023348125,1.1351325,0.72801375,0.7701256249999999,0.80884,0.3802225,1.265639375,1.02944375,1.2024356250000001,0.0017822,0.0017822,0.0017822
23,24.0,151.777875,1.266080625,1.019769375,1.138590625,0.728961875,0.7622975000000001,0.803638125,0.400930625,1.215669375,1.0060318750000001,1.17872375,0.0017723,0.0017723,0.0017723
24,25.0,157.9703125,1.251830625,1.0078675000000001,1.1304275,0.711055625,0.756129375,0.7799625,0.378081875,1.2357268750000001,1.0714937500000001,1.19292125,0.0017624,0.0017624,0.0017624
25,26.0,164.1136875,1.26557625,1.0158987499999999,1.142294375,0.734391875,0.7411274999999999,0.79110625,0.38852624999999996,1.217215625,1.03511625,1.1750825,0.0017525,0.0017525,0.0017525
26,27.0,170.271375,1.2398850000000001,1.000823125,1.1361681250000002,0.74696,0.7661450000000001,0.820863125,0.428668125,1.195875,0.97731125,1.177346875,0.0017426,0.0017426,0.0017426
27,28.0,176.4500625,1.2258,0.9876612499999999,1.127990625,0.718070625,0.776163125,0.79772,0.38300687499999997,1.246523125,1.02341875,1.1914449999999999,0.0017327,0.0017327,0.0017327
28,29.0,182.6459375,1.2367362499999999,1.0008062500000001,1.1276856249999998,0.7085662500000001,0.7331525,0.767906875,0.387610625,1.2150937499999999,1.049238125,1.193680625,0.0017228,0.0017228,0.0017228
29,30.0,188.840125,1.2393375,0.99549,1.123108125,0.7357337500000001,0.76178875,0.8105568750000001,0.401254375,1.233435,1.0117262500000002,1.190346875,0.0017129,0.0017129,0.0017129
30,31.0,195.0196875,1.228943125,0.9836493749999999,1.115655,0.744379375,0.7595175000000001,0.8188,0.41196875,1.19052125,0.993671875,1.176055625,0.001703,0.001703,0.001703
31,32.0,201.21162499999997,1.2187475,0.978385625,1.124214375,0.697751875,0.74782625,0.7679575000000001,0.354994375,1.305425625,1.069874375,1.222865625,0.0016931,0.0016931,0.0016931
32,33.0,207.4201875,1.2023181250000001,0.967121875,1.1023562500000001,0.7344325,0.7804793750000001,0.8157337499999999,0.411188125,1.203609375,1.007673125,1.1789762499999998,0.0016832,0.0016832,0.0016832
33,34.0,213.656875,1.239364375,0.975811875,1.121906875,0.73649375,0.7315775,0.7906662499999999,0.357108125,1.321370625,1.056153125,1.251265,0.0016733,0.0016733,0.0016733
34,35.0,219.8688125,1.20641375,0.957873125,1.11250875,0.73742375,0.776439375,0.81767625,0.405765625,1.238744375,0.973748125,1.2041887500000001,0.0016634,0.0016634,0.0016634
35,36.0,226.07818749999998,1.227201875,0.965543125,1.1154143749999998,0.71027625,0.781718125,0.7950962500000001,0.38802125,1.2546081249999999,1.01511,1.1981899999999999,0.0016535,0.0016535,0.0016535
36,37.0,232.25225,1.225760625,0.972879375,1.12618375,0.7451293750000001,0.762904375,0.8180224999999999,0.400866875,1.22693125,0.986445625,1.1952925,0.0016436,0.0016436,0.0016436
37,38.0,238.3733125,1.22165375,0.9792725,1.125995,0.7231075,0.771405,0.80596875,0.3845275,1.2670581250000001,1.013483125,1.209114375,0.0016337,0.0016337,0.0016337
38,39.0,244.44093750000002,1.213100625,0.9604431250000001,1.124616875,0.728644375,0.7246225000000001,0.7855025,0.40405437499999997,1.197888125,1.024716875,1.195135625,0.0016238,0.0016238,0.0016238
39,40.0,250.62075,1.196979375,0.9436387500000001,1.0920743750000002,0.721034375,0.77863,0.808115625,0.38501625,1.2606718749999999,0.9951074999999999,1.19311375,0.0016139,0.0016139,0.0016139
40,41.0,256.8331875,1.2088831249999998,0.9494456250000001,1.1076475,0.731278125,0.76174875,0.805836875,0.386901875,1.256330625,0.99201875,1.195950625,0.001604,0.001604,0.001604
41,42.0,263.06825000000003,1.193921875,0.9558549999999999,1.105225625,0.756049375,0.761145,0.822663125,0.434060625,1.1608343749999999,0.9714425,1.16648375,0.0015941,0.0015941,0.0015941
42,43.0,269.2924375,1.188495625,0.937560625,1.09921375,0.7071518750000001,0.775745625,0.7865537499999999,0.3915125,1.233155625,1.0308312499999999,1.18600125,0.0015842,0.0015842,0.0015842
43,44.0,275.4090625,1.1771612500000002,0.935890625,1.103184375,0.75483125,0.77264625,0.82749375,0.41491875,1.20419375,0.9627875,1.174116875,0.0015743,0.0015743,0.0015743
44,45.0,281.5998125,1.1905562500000002,0.937495625,1.1075218750000002,0.730631875,0.76378375,0.8053956250000001,0.366430625,1.303071875,1.0221650000000002,1.2257624999999999,0.0015644,0.0015644,0.0015644
45,46.0,287.73249999999996,1.191398125,0.9356549999999999,1.100995625,0.7415862499999999,0.782058125,0.81786,0.41344000000000003,1.21326625,1.003501875,1.18297875,0.0015545,0.0015545,0.0015545
46,47.0,293.7993125,1.2036181250000002,0.951096875,1.111229375,0.7201925,0.7705843750000001,0.79441875,0.36946875,1.308390625,1.000771875,1.2261787499999999,0.0015446,0.0015446,0.0015446
47,48.0,299.98587499999996,1.18383125,0.9338543749999999,1.0990393749999998,0.7316087499999999,0.7913062500000001,0.818088125,0.415444375,1.199284375,0.96617375,1.17585625,0.0015347,0.0015347,0.0015347
48,49.0,306.08725,1.17867875,0.91909625,1.09875625,0.7405174999999999,0.7747431250000001,0.8173925,0.413285,1.2181156249999998,0.9844875,1.1943100000000002,0.0015248,0.0015248,0.0015248
49,50.0,312.3028125,1.1897587500000002,0.9295956249999999,1.09402375,0.720691875,0.7596756250000001,0.794731875,0.36539625,1.324989375,0.9977275,1.23673125,0.0015149,0.0015149,0.0015149
50,51.0,318.433375,1.1576187500000001,0.9150968749999999,1.08592,0.734618125,0.7734418750000001,0.81181375,0.40775,1.22084375,0.9909975,1.189744375,0.001505,0.001505,0.001505
51,52.0,324.5925,1.177040625,0.923128125,1.100991875,0.7430981249999999,0.788781875,0.827321875,0.43610875000000004,1.164005,0.951908125,1.158670625,0.0014951,0.0014951,0.0014951
52,53.0,330.79143750000003,1.1726575000000001,0.917925,1.095083125,0.7396849999999999,0.771501875,0.81230125,0.413313125,1.212606875,0.964156875,1.1896025000000001,0.0014852,0.0014852,0.0014852
53,54.0,336.9645,1.16635625,0.9039643749999999,1.09161875,0.7261362499999999,0.771416875,0.8015693749999999,0.39175375,1.262989375,0.9871712500000001,1.2194206250000001,0.0014753,0.0014753,0.0014753
54,55.0,343.26149999999996,1.1683168750000001,0.915569375,1.0881287499999999,0.7195268749999999,0.779198125,0.800271875,0.40580499999999997,1.2220456249999998,0.98495625,1.19072375,0.0014654,0.0014654,0.0014654
55,56.0,349.36231250000003,1.164371875,0.907064375,1.086718125,0.7221825,0.76413625,0.8018743749999999,0.410215625,1.21034875,0.99702125,1.1874206250000001,0.0014555,0.0014555,0.0014555
56,57.0,355.5780625,1.1840362500000001,0.9181543750000001,1.106580625,0.7452762500000001,0.7746118750000001,0.812335625,0.40861875000000003,1.204871875,0.94594125,1.18622625,0.0014456,0.0014456,0.0014456
57,58.0,361.8311875,1.171064375,0.9096275,1.096165625,0.7279774999999999,0.7786612500000001,0.8058343750000001,0.4111,1.2188656249999998,0.9645481250000001,1.19178,0.0014357,0.0014357,0.0014357
58,59.0,368.030625,1.1656374999999999,0.912044375,1.0903625,0.6869175000000001,0.747604375,0.74787375,0.33560437499999995,1.3619012499999998,1.08498125,1.266249375,0.0014258,0.0014258,0.0014258
59,60.0,374.26875,1.1439775,0.887436875,1.0797025,0.74169625,0.78490625,0.8180624999999999,0.399391875,1.24816875,0.9642893749999999,1.206745625,0.0014159,0.0014159,0.0014159
60,61.0,380.53700000000003,1.167965,0.906870625,1.0880874999999999,0.750675,0.765835,0.81750875,0.410235625,1.238380625,0.965138125,1.20311875,0.001406,0.001406,0.001406
61,62.0,386.7584375,1.1535,0.89655375,1.08622,0.731228125,0.7915224999999999,0.814943125,0.414165,1.2353537499999998,0.9692568749999999,1.2047237499999999,0.0013961,0.0013961,0.0013961
62,63.0,393.18287499999997,1.1446212500000001,0.88996875,1.0804624999999999,0.71770625,0.768154375,0.782886875,0.33616250000000003,1.37244,1.0237393750000001,1.26871,0.0013862,0.0013862,0.0013862
63,64.0,399.38768749999997,1.1518493749999998,0.896255625,1.08069375,0.7231468750000001,0.773203125,0.793245,0.384164375,1.2612825,0.995356875,1.2054975,0.0013763,0.0013763,0.0013763
64,65.0,405.6940625,1.15467125,0.893096875,1.084773125,0.751001875,0.774305625,0.8219518749999999,0.42020250000000003,1.198170625,0.94641625,1.1909999999999998,0.0013664,0.0013664,0.0013664
65,66.0,411.810875,1.1455812500000002,0.886358125,1.08202875,0.7322031250000001,0.755754375,0.79912,0.39503125,1.258473125,0.97913875,1.21024625,0.0013565,0.0013565,0.0013565
66,67.0,418.08462499999996,1.13911875,0.8791568750000001,1.07045,0.699993125,0.773976875,0.778373125,0.37891125000000003,1.271983125,1.0271275,1.218281875,0.0013466,0.0013466,0.0013466
67,68.0,424.2650625,1.141775,0.886698125,1.0719375,0.732745,0.7800825,0.807549375,0.41149625,1.230496875,0.953069375,1.201451875,0.0013367,0.0013367,0.0013367
68,69.0,430.4565,1.1416075,0.876835625,1.07196625,0.717955625,0.75934625,0.782695,0.366408125,1.336554375,0.989155625,1.264211875,0.0013268,0.0013268,0.0013268
69,70.0,436.6784375,1.132818125,0.874944375,1.0745862499999999,0.71913875,0.775634375,0.78823,0.396978125,1.237394375,0.9766225,1.200805,0.0013169,0.0013169,0.0013169
70,71.0,442.78443749999997,1.153173125,0.89171,1.08140625,0.7446575,0.773045,0.814264375,0.40022812500000005,1.24843875,0.97193375,1.2180075000000001,0.001307,0.001307,0.001307
71,72.0,448.9408125,1.127276875,0.8686462500000001,1.0723025000000002,0.72334375,0.7666225,0.7939268749999999,0.384635,1.2770043750000002,0.9760599999999999,1.23950625,0.0012971,0.0012971,0.0012971
72,73.0,455.2356875,1.1324275,0.87215,1.0677474999999998,0.745884375,0.7675749999999999,0.804244375,0.38993750000000005,1.25529,0.96550875,1.21795125,0.0012872,0.0012872,0.0012872
73,74.0,461.44775,1.139213125,0.870956875,1.07053625,0.7370975,0.783021875,0.813345625,0.412483125,1.213944375,0.9633799999999999,1.196071875,0.0012773,0.0012773,0.0012773
74,75.0,467.6935625,1.11844125,0.863179375,1.0663125,0.727465625,0.76287875,0.7936393749999999,0.381741875,1.28635125,0.970410625,1.226615,0.0012674,0.0012674,0.0012674
75,76.0,473.84806249999997,1.1340418749999999,0.869770625,1.0731731249999998,0.716230625,0.772455,0.784074375,0.36961625,1.2952050000000002,0.981065625,1.2328812500000002,0.0012575,0.0012575,0.0012575
76,77.0,480.0125625,1.1133324999999998,0.857748125,1.071070625,0.73934375,0.75979625,0.8031893750000001,0.383109375,1.28238125,0.9728399999999999,1.2417875,0.0012476,0.0012476,0.0012476
77,78.0,486.24575,1.1078812500000002,0.856856875,1.0613043750000002,0.739303125,0.77149125,0.8130531249999999,0.419619375,1.2151231249999999,0.9536956249999999,1.20184875,0.0012377,0.0012377,0.0012377
78,79.0,492.3928125,1.1136925,0.84894875,1.0644925,0.74563625,0.77166625,0.8107068749999999,0.395513125,1.259324375,0.941525,1.2231393750000001,0.0012278,0.0012278,0.0012278
79,80.0,498.570625,1.1215025,0.8558456249999999,1.0628912499999998,0.71079,0.769500625,0.783038125,0.365860625,1.30013625,0.987280625,1.242586875,0.0012179,0.0012179,0.0012179
80,81.0,504.66056249999997,1.1078187499999999,0.84915875,1.0710175,0.7278675,0.7568531249999999,0.794280625,0.36969562499999997,1.3077287499999999,0.992654375,1.2379625,0.001208,0.001208,0.001208
81,82.0,510.8731875,1.115466875,0.853698125,1.0615575000000002,0.736591875,0.7851475,0.8096168749999999,0.37191562499999997,1.301425625,0.96412125,1.246195,0.0011981,0.0011981,0.0011981
82,83.0,516.9733125,1.1089981249999998,0.847811875,1.0658812500000001,0.732031875,0.7718025000000001,0.8038856249999999,0.39504375,1.2623825,0.950058125,1.21997,0.0011882,0.0011882,0.0011882
83,84.0,523.09975,1.1097000000000001,0.85212125,1.06242375,0.74126,0.7692062500000001,0.813601875,0.41610625,1.2323837500000001,0.949566875,1.2025074999999998,0.0011783,0.0011783,0.0011783
84,85.0,529.1623125,1.1261625,0.85695375,1.071876875,0.735844375,0.769455,0.806276875,0.400505,1.2461712500000002,0.971469375,1.210605625,0.0011684,0.0011684,0.0011684
85,86.0,535.296375,1.1011487500000001,0.83976875,1.04961,0.739480625,0.780294375,0.812835625,0.420609375,1.20535125,0.9432518750000001,1.1944,0.0011585,0.0011585,0.0011585
86,87.0,541.57825,1.1030487500000001,0.846824375,1.050875,0.7567175,0.766314375,0.819735,0.41577624999999996,1.23035375,0.940383125,1.202753125,0.0011486,0.0011486,0.0011486
87,88.0,547.8040000000001,1.0929725,0.833148125,1.058930625,0.741336875,0.7455856249999999,0.79208875,0.37368375,1.3154599999999999,0.9826075000000001,1.25955,0.0011387,0.0011387,0.0011387
88,89.0,553.9584375,1.098935625,0.8406100000000001,1.055521875,0.7223881249999999,0.767854375,0.7849468749999999,0.3820975,1.27668625,0.9872118750000001,1.22748875,0.0011288,0.0011288,0.0011288
89,90.0,560.177,1.1034593750000001,0.83554,1.0549481250000001,0.74409625,0.771014375,0.8071881249999999,0.382255,1.27805375,0.964620625,1.2418399999999998,0.0011189,0.0011189,0.0011189
90,91.0,566.4696875,1.0940112499999999,0.829294375,1.053966875,0.721656875,0.771168125,0.79945,0.40552750000000004,1.2368312499999998,0.9621031250000001,1.2154981249999999,0.001109,0.001109,0.001109
91,92.0,572.6190624999999,1.08060375,0.8254468749999999,1.05428625,0.721803125,0.76389875,0.796271875,0.40570875,1.24865125,0.963694375,1.222206875,0.0010991,0.0010991,0.0010991
92,93.0,578.807875,1.1015825,0.8326606249999999,1.05804875,0.74796125,0.7608524999999999,0.80765625,0.38919312500000003,1.285131875,0.961024375,1.242779375,0.0010892,0.0010892,0.0010892
93,94.0,584.9099375000001,1.0928831250000002,0.82534625,1.0588687499999998,0.739634375,0.76719375,0.808305625,0.404438125,1.244615,0.94548375,1.210323125,0.0010793,0.0010793,0.0010793
94,95.0,590.9493125,1.0903381250000002,0.8271999999999999,1.059590625,0.7516437499999999,0.7608675,0.815151875,0.41435375,1.2413768749999998,0.9471637500000001,1.22423375,0.0010694,0.0010694,0.0010694
95,96.0,597.0584375000001,1.0783425000000002,0.820538125,1.04651125,0.7352093749999999,0.76212875,0.800745,0.39361124999999997,1.2751175,0.956379375,1.238019375,0.0010595,0.0010595,0.0010595
96,97.0,603.1271875,1.084925625,0.81985875,1.0507906249999999,0.74541625,0.77007375,0.80986,0.38887,1.284898125,0.94946875,1.251678125,0.0010496,0.0010496,0.0010496
97,98.0,609.23075,1.0904625000000001,0.81753375,1.04631,0.7426125,0.755924375,0.79911625,0.3872725,1.270684375,0.958996875,1.23620625,0.0010397,0.0010397,0.0010397
98,99.0,615.4426875,1.083285,0.8179212499999999,1.046840625,0.7484625,0.7875981249999999,0.82211375,0.42349125,1.206118125,0.919534375,1.198556875,0.0010298,0.0010298,0.0010298
99,100.0,621.8969375,1.085790625,0.815826875,1.0412837499999998,0.714618125,0.7687062499999999,0.776131875,0.37096125,1.30383,0.98223875,1.2648868750000002,0.0010199,0.0010199,0.0010199
100,101.0,628.038125,1.0677287500000001,0.8023781249999999,1.0358218750000001,0.7455268749999999,0.766794375,0.79762,0.37999499999999997,1.29050625,0.9683125,1.24856875,0.00101,0.00101,0.00101
101,102.0,634.129875,1.06881,0.806358125,1.0476506250000002,0.7383187499999999,0.75559,0.791091875,0.373158125,1.29951,0.95851875,1.252386875,0.0010001,0.0010001,0.0010001
102,103.0,640.3206875000001,1.080405625,0.8163100000000001,1.0492625,0.73095625,0.7723825,0.798924375,0.382378125,1.29838,0.947749375,1.262949375,0.0009902,0.0009902,0.0009902
103,104.0,646.369125,1.053249375,0.798203125,1.041071875,0.7192581250000001,0.7708956250000001,0.785398125,0.3659525,1.323488125,0.98492375,1.2784262499999999,0.0009803,0.0009803,0.0009803
104,105.0,652.433125,1.058113125,0.7947775,1.04638375,0.75564875,0.761611875,0.807408125,0.39735437500000004,1.25892875,0.946928125,1.223185625,0.0009704,0.0009704,0.0009704
105,106.0,658.578625,1.0696024999999998,0.806314375,1.04308625,0.7341562500000001,0.7700281250000001,0.80494875,0.402885625,1.2580175000000002,0.9524756249999999,1.2330031250000002,0.0009605,0.0009605,0.0009605
106,107.0,664.7418749999999,1.0670325,0.79875125,1.034229375,0.72987625,0.777423125,0.797255625,0.38207125,1.29371875,0.950655625,1.24718875,0.0009506,0.0009506,0.0009506
107,108.0,670.948,1.06735875,0.8018425,1.03187375,0.7222768749999999,0.764100625,0.7855393749999999,0.37221187499999997,1.3102931249999998,0.9854225,1.26786125,0.0009407,0.0009407,0.0009407
108,109.0,677.183625,1.071290625,0.7981337500000001,1.0311275,0.730059375,0.77944625,0.8026825,0.404914375,1.23415875,0.9448225,1.2216025,0.0009308,0.0009308,0.0009308
109,110.0,683.2835625,1.051003125,0.7907850000000001,1.03068,0.740250625,0.7606062499999999,0.7954537500000001,0.386636875,1.284451875,0.9428393749999999,1.255821875,0.0009209,0.0009209,0.0009209
110,111.0,689.5378125,1.0515918750000002,0.7895806249999999,1.02579625,0.745023125,0.7725125,0.81145625,0.42363625000000005,1.222596875,0.940546875,1.2241187500000001,0.000911,0.000911,0.000911
111,112.0,695.74325,1.05027875,0.7920499999999999,1.029450625,0.71637,0.761035625,0.775885625,0.368811875,1.2976687500000001,0.972914375,1.258733125,0.0009011,0.0009011,0.0009011
112,113.0,701.9237499999999,1.073021875,0.80251125,1.0466625,0.74636,0.7618287499999999,0.79655,0.398850625,1.2556075,0.9552818750000001,1.241324375,0.0008912,0.0008912,0.0008912
113,114.0,708.0921250000001,1.054605,0.7929318750000001,1.03334625,0.733729375,0.771525,0.796154375,0.38819624999999996,1.2589687500000002,0.95020375,1.231405,0.0008813,0.0008813,0.0008813
114,115.0,714.1845000000001,1.0685475,0.797009375,1.044848125,0.729394375,0.7678906249999999,0.7905556249999999,0.3851275,1.281645625,0.9652818750000001,1.251384375,0.0008714,0.0008714,0.0008714
115,116.0,720.3497500000001,1.05333875,0.78624,1.032801875,0.7348356250000001,0.7583300000000001,0.78957375,0.381560625,1.29885,0.961495,1.2585437499999999,0.0008615,0.0008615,0.0008615
116,117.0,726.6208750000001,1.06126375,0.7871475,1.02837875,0.7461737500000001,0.7658743749999999,0.80375,0.40593375,1.256625,0.93771125,1.243230625,0.0008516,0.0008516,0.0008516
117,118.0,732.7781875000001,1.043105625,0.775983125,1.025773125,0.73079,0.7663193749999999,0.795053125,0.387489375,1.285135,0.946560625,1.251743125,0.0008417,0.0008417,0.0008417
118,119.0,739.0219375,1.0487981249999998,0.783650625,1.0254699999999999,0.731889375,0.7688481250000001,0.7946187499999999,0.38830375,1.281825,0.958420625,1.2625899999999999,0.0008318,0.0008318,0.0008318
119,120.0,747.283125,1.05020375,0.78432125,1.0314112500000001,0.7449925,0.76927,0.8094837500000001,0.414405,1.23270875,0.92138875,1.23092625,0.0008219,0.0008219,0.0008219
120,121.0,753.4638749999999,1.0381325,0.77777125,1.02687,0.72547875,0.74949875,0.77855625,0.37142375000000005,1.2937599999999998,0.96568125,1.2662225,0.000812,0.000812,0.000812
121,122.0,759.5828750000001,1.04502125,0.7814875000000001,1.02748375,0.7315875,0.7599799999999999,0.78583125,0.37570375,1.30230625,0.96941875,1.27393125,0.0008021,0.0008021,0.0008021
122,123.0,765.81925,1.0394625,0.78140625,1.01857625,0.735525,0.76900375,0.7984,0.39919625,1.25737,0.94098875,1.237845,0.0007922,0.0007922,0.0007922
123,124.0,771.9637500000001,1.03770875,0.76977,1.02327125,0.7418374999999999,0.76819875,0.8012325,0.39959500000000003,1.25484,0.94162375,1.24256,0.0007823,0.0007823,0.0007823
124,125.0,778.21675,1.0512112500000002,0.7838225,1.03020375,0.7524500000000001,0.7599199999999999,0.8074362500000001,0.39558375,1.27732,0.93598375,1.2489675,0.0007724,0.0007724,0.0007724
125,126.0,784.596125,1.0421,0.7757875,1.025785,0.72305,0.7683175,0.7848787500000001,0.37648250000000005,1.29639375,0.9538737500000001,1.26897375,0.0007625,0.0007625,0.0007625
126,127.0,790.79025,1.04555875,0.77389375,1.0231875000000001,0.7283325,0.77494125,0.80101125,0.40764625,1.229225,0.93655,1.23531125,0.0007526,0.0007526,0.0007526
127,128.0,797.5442499999999,1.045515,0.77067,1.01867,0.7237100000000001,0.7827649999999999,0.7942475,0.3936825,1.2699825000000002,0.9509325,1.25747,0.0007427,0.0007427,0.0007427
128,129.0,803.7315,1.0284925,0.767885,1.014005,0.71984,0.7696575,0.78452,0.386515,1.2761475,0.9500875,1.2537725,0.0007328,0.0007328,0.0007328
129,130.0,809.85625,1.023755,0.7669675,1.0246275,0.7231325,0.757555,0.7813325,0.3695775,1.3181349999999998,0.9788275,1.2806275,0.0007229,0.0007229,0.0007229
130,131.0,816.0495000000001,1.0300475,0.76173,1.0143775000000002,0.7173325,0.76593,0.78186,0.3828625,1.27878,0.9643349999999999,1.2579875,0.000713,0.000713,0.000713
131,132.0,822.3172500000001,1.0313975,0.7691250000000001,1.0117325,0.7270449999999999,0.77455,0.797465,0.392475,1.2568275,0.94838,1.2422849999999999,0.0007031,0.0007031,0.0007031
132,133.0,828.46375,1.0279925,0.7683525,1.02744,0.7367075000000001,0.7683425,0.799315,0.40300749999999996,1.266975,0.9385925,1.261815,0.0006932,0.0006932,0.0006932
133,134.0,834.57125,1.015565,0.757225,1.0151949999999998,0.7326775,0.77154,0.7920024999999999,0.38686,1.2772825,0.953815,1.24912,0.0006833,0.0006833,0.0006833
134,135.0,840.7842499999999,1.0010925,0.751625,1.0042675,0.74205,0.7666474999999999,0.808435,0.41149,1.2426,0.9354375,1.2397375,0.0006734,0.0006734,0.0006734
135,136.0,846.9625,1.0143375,0.7555525000000001,1.0172374999999998,0.7396775,0.7630250000000001,0.8026625000000001,0.4012875,1.2621850000000001,0.940515,1.253655,0.0006635,0.0006635,0.0006635
136,137.0,853.27125,1.0094725000000002,0.7499724999999999,1.02039,0.7438825,0.772595,0.800195,0.38387,1.286905,0.94163,1.2674175,0.0006536,0.0006536,0.0006536
137,138.0,859.5139999999999,1.025235,0.761555,1.012255,0.730325,0.76877,0.7884,0.3823975,1.2910075,0.9520825,1.27324,0.0006437,0.0006437,0.0006437
138,139.0,865.7607499999999,1.0157349999999998,0.74601,1.00884,0.7370099999999999,0.7617425,0.79291,0.385605,1.2909424999999999,0.9567575,1.2751125,0.0006338,0.0006338,0.0006338
139,140.0,871.904,1.014525,0.750645,1.0134175,0.7248475,0.7727925,0.789375,0.37497749999999996,1.29472,0.9768575,1.2809024999999998,0.0006239,0.0006239,0.0006239
140,141.0,878.1847499999999,1.014145,0.7504675000000001,1.0132575,0.731815,0.7662575,0.795635,0.394655,1.2729175000000001,0.9382275,1.260225,0.000614,0.000614,0.000614
141,142.0,884.40875,1.0064325,0.7474675,1.005065,0.73987,0.7597700000000001,0.7940775,0.3919,1.26418,0.946265,1.2573775,0.0006041,0.0006041,0.0006041
142,143.0,890.66675,1.0188525,0.75354,1.0162225,0.7269975,0.7653775,0.7870375000000001,0.37404,1.30266,0.9364925,1.2784175,0.0005942,0.0005942,0.0005942
143,144.0,896.826,0.999045,0.7423325000000001,1.0045875,0.7346075000000001,0.780825,0.8004,0.4032275,1.2547175,0.931445,1.2441375,0.0005843,0.0005843,0.0005843
144,145.0,902.98475,0.999625,0.7433425,1.0140825,0.72066,0.77878,0.786385,0.38076,1.2821474999999998,0.9373425,1.2717325000000002,0.0005744,0.0005744,0.0005744
145,146.0,909.09725,0.994135,0.7420775,1.010775,0.7238225,0.7718275000000001,0.789015,0.38314499999999996,1.2864475,0.9434899999999999,1.2665250000000001,0.0005645,0.0005645,0.0005645
146,147.0,913.84,1.012365,0.7537849999999999,1.0091700000000001,0.73342,0.768255,0.7889299999999999,0.382115,1.27769,0.946425,1.26158,0.0005546,0.0005546,0.0005546
147,148.0,919.9985,0.996405,0.73882,1.00305,0.727735,0.7624949999999999,0.779825,0.37698,1.283995,0.95093,1.26802,0.0005447,0.0005447,0.0005447
148,149.0,922.306,1.01355,0.74709,1.00424,0.73393,0.74957,0.77725,0.37735,1.29614,0.94847,1.26865,0.0005348,0.0005348,0.0005348
149,150.0,928.448,0.9997,0.74338,1.00488,0.74176,0.75528,0.78183,0.36935,1.31254,0.94838,1.28358,0.0005249,0.0005249,0.0005249
150,151.0,934.636,1.0009,0.74318,1.00428,0.72465,0.77256,0.78551,0.38133,1.28017,0.96222,1.26371,0.000515,0.000515,0.000515
