,epoch,time,train/box_loss,train/cls_loss,train/dfl_loss,metrics/precision(B),metrics/recall(B),metrics/mAP50(B),metrics/mAP50-95(B),val/box_loss,val/cls_loss,val/dfl_loss,lr/pg0,lr/pg1,lr/pg2,lr/pg3,lr/pg4,lr/pg5,lr/pg6,lr/pg7
0,1.0,139.10375,1.320925,2.7073537500000002,0.01279625,0.657279375,0.624026875,0.629376875,0.27007625,1.2641343749999998,1.823435,0.019695625,0.00998211,0.00332737,0.00998211,0.00332737,0.00998211,0.00332737,0.00998211,0.00332737
1,2.0,251.87937499999998,1.24993125,1.621995,0.011994375000000002,0.695219375,0.6485475,0.686460625,0.29497875,1.299299375,1.4901906249999999,0.020561875,0.0198832,0.00662773,0.0198832,0.00662773,0.0198832,0.00662773,0.0198832,0.00662773
2,3.0,355.7688125,1.26895625,1.48194,0.012305,0.681748125,0.671215625,0.68492625,0.2945875,1.33734,1.632256875,0.021470625,0.0296853,0.0098951,0.0296853,0.0098951,0.0296853,0.0098951,0.0296853,0.0098951
3,4.0,456.1,1.2771,1.441000625,0.012524375,0.656899375,0.645016875,0.646449375,0.216775,1.4509937499999999,1.7492462500000001,0.022898750000000002,0.0295545,0.0098515,0.0295545,0.0098515,0.0295545,0.0098515,0.0295545,0.0098515
4,5.0,557.2016249999999,1.26106,1.38784125,0.01216,0.70307875,0.68187625,0.7155625,0.307980625,1.3187018750000001,1.392341875,0.020931875000000003,0.029406,0.009802,0.029406,0.009802,0.029406,0.009802,0.029406,0.009802
5,6.0,657.5793125,1.240561875,1.35530125,0.011984999999999999,0.729359375,0.6878906250000001,0.7286875,0.32794437499999995,1.291519375,1.369173125,0.02072375,0.0292575,0.0097525,0.0292575,0.0097525,0.0292575,0.0097525,0.0292575,0.0097525
6,7.0,758.5918125000001,1.2266931250000002,1.319386875,0.01184875,0.7213031249999999,0.696164375,0.727235,0.3266275,1.3067493749999999,1.317145,0.020890625,0.029109,0.009703,0.029109,0.009703,0.029109,0.009703,0.029109,0.009703
7,8.0,859.2666875,1.21742625,1.3054006249999999,0.011730625,0.730364375,0.691553125,0.737505625,0.33231,1.304539375,1.329700625,0.021515624999999997,0.0289605,0.0096535,0.0289605,0.0096535,0.0289605,0.0096535,0.0289605,0.0096535
8,9.0,960.2946875,1.20624,1.28760375,0.011694375,0.738294375,0.7047568750000001,0.74820875,0.327155625,1.298029375,1.252955,0.020704375,0.028812,0.009604,0.028812,0.009604,0.028812,0.009604,0.028812,0.009604
9,10.0,1060.244375,1.20327375,1.2698825,0.01157375,0.74438625,0.72934875,0.765471875,0.362415625,1.255179375,1.230858125,0.019917499999999998,0.0286635,0.0095545,0.0286635,0.0095545,0.0286635,0.0095545,0.0286635,0.0095545
10,11.0,1160.7275,1.193408125,1.25877625,0.011455,0.70190625,0.661359375,0.681048125,0.247971875,1.3729325,1.34018375,0.021705000000000002,0.028515,0.009505,0.028515,0.009505,0.028515,0.009505,0.028515,0.009505
11,12.0,1261.3331249999999,1.184936875,1.236809375,0.011321875,0.727496875,0.73430875,0.7596931250000001,0.36377625,1.2585425,1.2391112499999999,0.02008625,0.0283665,0.0094555,0.0283665,0.0094555,0.0283665,0.0094555,0.0283665,0.0094555
12,13.0,1362.8987499999998,1.1835537500000002,1.2285893749999999,0.011285,0.7463975,0.718439375,0.7655025,0.349700625,1.2711075,1.209163125,0.0200875,0.028218,0.009406,0.028218,0.009406,0.028218,0.009406,0.028218,0.009406
13,14.0,1464.0,1.16964,1.2124787499999998,0.01120125,0.7515449999999999,0.7318443749999999,0.775948125,0.37628375000000003,1.23481875,1.206295,0.01977375,0.0280695,0.0093565,0.0280695,0.0093565,0.0280695,0.0093565,0.0280695,0.0093565
14,15.0,1564.29125,1.163483125,1.19989875,0.011189375,0.753933125,0.730298125,0.77471,0.37315437500000004,1.250026875,1.1964812500000002,0.020138125,0.027921,0.009307,0.027921,0.009307,0.027921,0.009307,0.027921,0.009307
15,16.0,1664.509375,1.16907,1.2078324999999999,0.011228125,0.75306125,0.724735,0.771291875,0.354694375,1.259798125,1.188960625,0.0199325,0.0277725,0.0092575,0.0277725,0.0092575,0.0277725,0.0092575,0.0277725,0.0092575
16,17.0,1765.32375,1.159819375,1.182061875,0.011120000000000001,0.7638375,0.721621875,0.7780324999999999,0.3754825,1.232593125,1.165435625,0.019688125,0.027624,0.009208,0.027624,0.009208,0.027624,0.009208,0.027624,0.009208
17,18.0,1865.71875,1.15964,1.18664375,0.01121875,0.74962,0.7390006250000001,0.775859375,0.36415,1.24722125,1.156245,0.01962875,0.0274755,0.0091585,0.0274755,0.0091585,0.0274755,0.0091585,0.0274755,0.0091585
18,19.0,1966.01125,1.1526775,1.1759781249999999,0.010996249999999999,0.756138125,0.741335625,0.782089375,0.37645,1.241314375,1.146158125,0.019833749999999997,0.027327,0.009109,0.027327,0.009109,0.027327,0.009109,0.027327,0.009109
19,20.0,2066.655,1.1541350000000001,1.1681287500000002,0.0110425,0.756814375,0.75579125,0.790745,0.387301875,1.2172375,1.122556875,0.01903125,0.0271785,0.0090595,0.0271785,0.0090595,0.0271785,0.0090595,0.0271785,0.0090595
20,21.0,2167.030625,1.143620625,1.15368,0.01090125,0.769576875,0.7450768750000001,0.792265,0.3921375,1.20734875,1.097375,0.018951250000000003,0.02703,0.00901,0.02703,0.00901,0.02703,0.00901,0.02703,0.00901
21,22.0,2267.5256249999998,1.14202625,1.14553375,0.010799375,0.77049875,0.7445475,0.79589375,0.39693625,1.193185625,1.118629375,0.018729375,0.0268815,0.0089605,0.0268815,0.0089605,0.0268815,0.0089605,0.0268815,0.0089605
22,23.0,2368.455625,1.136854375,1.1376137499999999,0.010755625000000001,0.77588375,0.7568006249999999,0.800235,0.405055625,1.191841875,1.0885525,0.018890624999999998,0.026733,0.008911,0.026733,0.008911,0.026733,0.008911,0.026733,0.008911
23,24.0,2468.978125,1.134783125,1.13342875,0.01081875,0.778375,0.7513624999999999,0.802624375,0.399698125,1.199561875,1.080940625,0.018966875,0.0265845,0.0088615,0.0265845,0.0088615,0.0265845,0.0088615,0.0265845,0.0088615
24,25.0,2568.9475,1.135611875,1.1307749999999999,0.010841875,0.7689137500000001,0.7598743750000001,0.802206875,0.40408125,1.1929737500000002,1.071698125,0.018922500000000002,0.026436,0.008812,0.026436,0.008812,0.026436,0.008812,0.026436,0.008812
25,26.0,2669.345,1.130440625,1.112505625,0.010675,0.77841875,0.748595625,0.802103125,0.399155,1.199273125,1.072548125,0.018888125,0.0262875,0.0087625,0.0262875,0.0087625,0.0262875,0.0087625,0.0262875,0.0087625
26,27.0,2769.7625,1.125240625,1.107024375,0.010735,0.7718868750000001,0.754474375,0.803515,0.39573187499999996,1.2033125,1.055214375,0.018775625,0.026139,0.008713,0.026139,0.008713,0.026139,0.008713,0.026139,0.008713
27,28.0,2869.7225,1.124988125,1.10346,0.0106525,0.7856624999999999,0.7556406250000001,0.81001875,0.408855625,1.1896162499999998,1.046971875,0.0187,0.0259905,0.0086635,0.0259905,0.0086635,0.0259905,0.0086635,0.0259905,0.0086635
28,29.0,2970.014375,1.11678625,1.09842625,0.01053625,0.780338125,0.7604768749999999,0.8081281250000001,0.40795000000000003,1.183316875,1.0608656250000001,0.0186925,0.025842,0.008614,0.025842,0.008614,0.025842,0.008614,0.025842,0.008614
29,30.0,3070.1168749999997,1.114661875,1.09231875,0.010594375,0.7852406249999999,0.761073125,0.8136625,0.415184375,1.17812125,1.033078125,0.018420625,0.0256935,0.0085645,0.0256935,0.0085645,0.0256935,0.0085645,0.0256935,0.0085645
30,31.0,3170.3125,1.109624375,1.0792925,0.010391875,0.78149625,0.7607900000000001,0.813779375,0.410376875,1.169425,1.03289625,0.018240625,0.025545,0.008515,0.025545,0.008515,0.025545,0.008515,0.025545,0.008515
31,32.0,3270.445,1.106859375,1.0666699999999998,0.010366875000000001,0.7900093749999999,0.764445625,0.81623875,0.41595375,1.163546875,1.0233181249999999,0.0181075,0.0253965,0.0084655,0.0253965,0.0084655,0.0253965,0.0084655,0.0253965,0.0084655
32,33.0,3370.5825000000004,1.104478125,1.0718450000000002,0.010311250000000001,0.788991875,0.76520875,0.815460625,0.41455875,1.16591875,1.0085875,0.01798375,0.025248,0.008416,0.025248,0.008416,0.025248,0.008416,0.025248,0.008416
33,34.0,3470.52625,1.102558125,1.069898125,0.010385624999999999,0.79581125,0.76153625,0.820855,0.4242175,1.1562937500000001,0.9939525,0.018125625,0.0250995,0.0083665,0.0250995,0.0083665,0.0250995,0.0083665,0.0250995,0.0083665
34,35.0,3569.795,1.099021875,1.056433125,0.010299375,0.78540125,0.774063125,0.821619375,0.42024375,1.15977,1.013603125,0.017983125000000003,0.024951,0.008317,0.024951,0.008317,0.024951,0.008317,0.024951,0.008317
35,36.0,3668.8762500000003,1.100525,1.043115,0.01039625,0.79616375,0.77370125,0.8234956250000001,0.42473875,1.152514375,0.977793125,0.01776875,0.0248025,0.0082675,0.0248025,0.0082675,0.0248025,0.0082675,0.0248025,0.0082675
36,37.0,3767.36375,1.094874375,1.044590625,0.010387500000000001,0.810963125,0.7697725,0.8277924999999999,0.43361812499999997,1.13795125,0.95610375,0.01761,0.024654,0.008218,0.024654,0.008218,0.024654,0.008218,0.024654,0.008218
37,38.0,3866.0275,1.0907,1.039025,0.010266875,0.8103612499999999,0.774095625,0.8324668749999999,0.43512875,1.1393318749999999,0.945209375,0.01771625,0.0245055,0.0081685,0.0245055,0.0081685,0.0245055,0.0081685,0.0245055,0.0081685
38,39.0,3964.995,1.088679375,1.032639375,0.010183125000000001,0.8018475,0.77171125,0.8286856249999999,0.43421,1.139626875,0.961271875,0.01771375,0.024357,0.008119,0.024357,0.008119,0.024357,0.008119,0.024357,0.008119
39,40.0,4063.68375,1.0838125,1.0312312499999998,0.01018875,0.804819375,0.779566875,0.83398375,0.435894375,1.130928125,0.9406975,0.017451875,0.0242085,0.0080695,0.0242085,0.0080695,0.0242085,0.0080695,0.0242085,0.0080695
40,41.0,4163.733125000001,1.0784512499999999,1.0207687500000002,0.01010875,0.8049318750000001,0.77723125,0.83192125,0.438136875,1.115823125,0.9459768749999999,0.0171825,0.02406,0.00802,0.02406,0.00802,0.02406,0.00802,0.02406,0.00802
41,42.0,4263.971875,1.0781043750000001,1.0142224999999998,0.0101125,0.8112475,0.7770375,0.83516125,0.4408875,1.116665625,0.9409625,0.017226875000000003,0.0239115,0.0079705,0.0239115,0.0079705,0.0239115,0.0079705,0.0239115,0.0079705
42,43.0,4364.273125,1.07296125,1.0108912499999998,0.00998625,0.8048587500000001,0.784140625,0.836075,0.439775,1.118028125,0.92628625,0.017191249999999998,0.023763,0.007921,0.023763,0.007921,0.023763,0.007921,0.023763,0.007921
43,44.0,4464.5875,1.077906875,1.00633,0.010018125,0.8128500000000001,0.78264,0.83785,0.443688125,1.11651875,0.914595625,0.017237500000000003,0.0236145,0.0078715,0.0236145,0.0078715,0.0236145,0.0078715,0.0236145,0.0078715
44,45.0,4564.710625,1.068325,0.99413125,0.00994625,0.817380625,0.7779375,0.8368781249999999,0.44554125,1.1122343749999999,0.917758125,0.01707875,0.023466,0.007822,0.023466,0.007822,0.023466,0.007822,0.023466,0.007822
45,46.0,4664.363125,1.06691375,0.99686375,0.009961874999999999,0.8116568749999999,0.787161875,0.84201875,0.44691749999999997,1.11151625,0.911786875,0.017125625,0.0233175,0.0077725,0.0233175,0.0077725,0.0233175,0.0077725,0.0233175,0.0077725
46,47.0,4764.203125,1.06416625,0.992305625,0.009845,0.8202112500000001,0.78963125,0.843908125,0.451139375,1.10188875,0.8994506250000001,0.01689875,0.023169,0.007723,0.023169,0.007723,0.023169,0.007723,0.023169,0.007723
47,48.0,4864.063749999999,1.06258,0.990273125,0.009913125000000002,0.81980125,0.7871706249999999,0.84486625,0.45221124999999995,1.09489,0.904425625,0.016796875,0.0230205,0.0076735,0.0230205,0.0076735,0.0230205,0.0076735,0.0230205,0.0076735
48,49.0,4963.860000000001,1.0595837499999998,0.982459375,0.00981125,0.8244681249999999,0.7824387500000001,0.844446875,0.45070625,1.09799625,0.897441875,0.016856875,0.022872,0.007624,0.022872,0.007624,0.022872,0.007624,0.022872,0.007624
49,50.0,5064.345625,1.056105,0.979624375,0.009801875,0.8264925,0.78787,0.846929375,0.453086875,1.092219375,0.89525875,0.016680624999999998,0.0227235,0.0075745,0.0227235,0.0075745,0.0227235,0.0075745,0.0227235,0.0075745
50,51.0,5164.800625,1.054531875,0.97924625,0.009783125,0.827153125,0.788934375,0.8476518749999999,0.45757749999999997,1.089825,0.88518125,0.016590624999999998,0.022575,0.007525,0.022575,0.007525,0.022575,0.007525,0.022575,0.007525
51,52.0,5264.019375,1.0507568750000003,0.971058125,0.009778124999999999,0.82268,0.78968625,0.846535625,0.45826,1.0829974999999998,0.878474375,0.016518125,0.0224265,0.0074755,0.0224265,0.0074755,0.0224265,0.0074755,0.0224265,0.0074755
52,53.0,5363.81875,1.0491799999999998,0.9618481249999999,0.00977375,0.82990875,0.7906299999999999,0.85106875,0.459305,1.0784449999999999,0.8689074999999999,0.016383125000000002,0.022278,0.007426,0.022278,0.007426,0.022278,0.007426,0.022278,0.007426
53,54.0,5464.313125,1.050320625,0.96338375,0.009665625,0.8252275,0.798710625,0.8536468749999999,0.462773125,1.0762743750000001,0.857410625,0.0163375,0.0221295,0.0073765,0.0221295,0.0073765,0.0221295,0.0073765,0.0221295,0.0073765
54,55.0,5564.387500000001,1.042233125,0.95502875,0.009736875,0.83316,0.79411375,0.854271875,0.464919375,1.07544875,0.85677125,0.01636625,0.021981,0.007327,0.021981,0.007327,0.021981,0.007327,0.021981,0.007327
55,56.0,5663.338750000001,1.04029375,0.94237,0.009575,0.83460875,0.79479875,0.854321875,0.463203125,1.078499375,0.847786875,0.016398125,0.0218325,0.0072775,0.0218325,0.0072775,0.0218325,0.0072775,0.0218325,0.0072775
56,57.0,5762.1693749999995,1.04177125,0.9518212500000001,0.009603125,0.832026875,0.8012012500000001,0.85572625,0.46799625,1.0670899999999999,0.83958,0.0162225,0.021684,0.007228,0.021684,0.007228,0.021684,0.007228,0.021684,0.007228
57,58.0,5860.8881249999995,1.042205625,0.945225625,0.0096475,0.838589375,0.798255625,0.857285,0.46755250000000004,1.06890625,0.838014375,0.016188124999999998,0.0215355,0.0071785,0.0215355,0.0071785,0.0215355,0.0071785,0.0215355,0.0071785
58,59.0,5959.53375,1.0393218750000002,0.941449375,0.0096125,0.8385381249999999,0.79821125,0.856339375,0.471304375,1.059289375,0.8360475,0.016003125,0.021387,0.007129,0.021387,0.007129,0.021387,0.007129,0.021387,0.007129
59,60.0,6058.66625,1.03017875,0.928269375,0.009485,0.8379475000000001,0.796335625,0.8557300000000001,0.470044375,1.0596074999999998,0.838141875,0.01600125,0.0212385,0.0070795,0.0212385,0.0070795,0.0212385,0.0070795,0.0212385,0.0070795
60,61.0,6157.514375,1.030365625,0.9279843750000001,0.009484375,0.8386143749999999,0.8013931249999999,0.858249375,0.47363062499999997,1.053630625,0.8450774999999999,0.0159275,0.02109,0.00703,0.02109,0.00703,0.02109,0.00703,0.02109,0.00703
61,62.0,6256.339375,1.03206625,0.93023,0.0094725,0.8416649999999999,0.7994574999999999,0.8603918749999999,0.475910625,1.048933125,0.83394875,0.01578125,0.0209415,0.0069805,0.0209415,0.0069805,0.0209415,0.0069805,0.0209415,0.0069805
62,63.0,6355.134375,1.025414375,0.9169775,0.009373125,0.838473125,0.80683875,0.862948125,0.47950812499999995,1.04638,0.8139875000000001,0.015778125,0.020793,0.006931,0.020793,0.006931,0.020793,0.006931,0.020793,0.006931
63,64.0,6453.910625,1.0216025,0.918700625,0.009280625,0.8481862499999999,0.80375875,0.86436625,0.4788175,1.046963125,0.8143374999999999,0.01574,0.0206445,0.0068815,0.0206445,0.0068815,0.0206445,0.0068815,0.0206445,0.0068815
64,65.0,6552.255625,1.0162175,0.9083675,0.009353125,0.842915625,0.8078237500000001,0.863876875,0.4796775,1.04595875,0.812960625,0.015766250000000002,0.020496,0.006832,0.020496,0.006832,0.020496,0.006832,0.020496,0.006832
65,66.0,6651.215,1.0169531250000001,0.9076025,0.0093075,0.842950625,0.811498125,0.865358125,0.481910625,1.040271875,0.807021875,0.01570375,0.0203475,0.0067825,0.0203475,0.0067825,0.0203475,0.0067825,0.0203475,0.0067825
66,67.0,6749.923124999999,1.01426875,0.910293125,0.009333125000000001,0.8493175,0.8052487500000001,0.866275625,0.485981875,1.0305225,0.80389875,0.015463749999999998,0.020199,0.006733,0.020199,0.006733,0.020199,0.006733,0.020199,0.006733
67,68.0,6848.746875,1.0088118750000001,0.894499375,0.009228125,0.84570875,0.809633125,0.86541625,0.484999375,1.03448875,0.800323125,0.015536250000000001,0.0200505,0.0066835,0.0200505,0.0066835,0.0200505,0.0066835,0.0200505,0.0066835
68,69.0,6947.715,1.01046375,0.9022775,0.0092725,0.845508125,0.809695625,0.86514375,0.48691624999999994,1.027139375,0.80569375,0.015368125,0.019902,0.006634,0.019902,0.006634,0.019902,0.006634,0.019902,0.006634
69,70.0,7046.672500000001,1.0087000000000002,0.9033975000000001,0.009246250000000001,0.844921875,0.809715,0.865946875,0.4874075,1.025378125,0.805315,0.01529875,0.0197535,0.0065845,0.0197535,0.0065845,0.0197535,0.0065845,0.0197535,0.0065845
70,71.0,7145.46125,1.0071206250000002,0.89017125,0.009187500000000001,0.84680875,0.8113931249999999,0.86748,0.48838625,1.0260075,0.79918375,0.0153475,0.019605,0.006535,0.019605,0.006535,0.019605,0.006535,0.019605,0.006535
71,72.0,7244.389375,0.998385,0.89086625,0.009113125,0.8549137499999999,0.805890625,0.868303125,0.48987125,1.0249868750000002,0.7943675000000001,0.015338125000000001,0.0194565,0.0064855,0.0194565,0.0064855,0.0194565,0.0064855,0.0194565,0.0064855
72,73.0,7342.875,1.001295,0.8763643750000001,0.009110625,0.8465556249999999,0.8153250000000001,0.86931625,0.49132875,1.0211100000000002,0.7833399999999999,0.01528375,0.019308,0.006436,0.019308,0.006436,0.019308,0.006436,0.019308,0.006436
73,74.0,7441.745,0.998310625,0.87526875,0.009049375,0.8451443750000001,0.8171706249999999,0.870161875,0.49229125,1.01657375,0.786441875,0.015220625,0.0191595,0.0063865,0.0191595,0.0063865,0.0191595,0.0063865,0.0191595,0.0063865
74,75.0,7540.619375,0.996666875,0.87631625,0.00913,0.85295875,0.81117375,0.8696725000000001,0.493408125,1.016078125,0.777490625,0.015206874999999998,0.019011,0.006337,0.019011,0.006337,0.019011,0.006337,0.019011,0.006337
75,76.0,7639.3675,0.9931743749999999,0.87670375,0.008986875,0.8513943749999999,0.8147831249999999,0.871135,0.49485,1.01335125,0.7766625,0.015163125,0.0188625,0.0062875,0.0188625,0.0062875,0.0188625,0.0062875,0.0188625,0.0062875
76,77.0,7737.963125,0.989455,0.87122375,0.00908625,0.852800625,0.8131712499999999,0.8724675,0.49735062500000005,1.007793125,0.7729725000000001,0.015046875,0.018714,0.006238,0.018714,0.006238,0.018714,0.006238,0.018714,0.006238
77,78.0,7836.805,0.988541875,0.8666050000000001,0.009013125,0.8539937499999999,0.813709375,0.872590625,0.498123125,1.007074375,0.7710699999999999,0.015022500000000001,0.0185655,0.0061885,0.0185655,0.0061885,0.0185655,0.0061885,0.0185655,0.0061885
78,79.0,7935.60125,0.98608625,0.8664681249999999,0.009013125,0.8491893749999999,0.8213375,0.873315625,0.499813125,0.99981,0.775261875,0.014898749999999999,0.018417,0.006139,0.018417,0.006139,0.018417,0.006139,0.018417,0.006139
79,80.0,8034.409374999999,0.98484375,0.859533125,0.008907499999999999,0.8519768750000001,0.8212256250000001,0.87511,0.500994375,1.0008050000000002,0.7672756249999999,0.014871875,0.0182685,0.0060895,0.0182685,0.0060895,0.0182685,0.0060895,0.0182685,0.0060895
80,81.0,8133.371875,0.983676875,0.8568825,0.008847500000000001,0.854371875,0.82203625,0.8753131249999999,0.50244,0.99621125,0.7653675,0.014762500000000001,0.01812,0.00604,0.01812,0.00604,0.01812,0.00604,0.01812,0.00604
81,82.0,8232.067500000001,0.982415,0.848424375,0.008941875,0.855156875,0.820158125,0.876034375,0.503434375,0.99596,0.75876375,0.014786875,0.0179715,0.0059905,0.0179715,0.0059905,0.0179715,0.0059905,0.0179715,0.0059905
82,83.0,8330.99125,0.980841875,0.85157875,0.008788750000000001,0.85684375,0.820001875,0.875591875,0.50333125,0.9915381249999999,0.761765,0.01469375,0.017823,0.005941,0.017823,0.005941,0.017823,0.005941,0.017823,0.005941
83,84.0,8429.926875000001,0.976611875,0.85003875,0.00887375,0.8557075,0.822781875,0.87631375,0.5042656249999999,0.9897556249999999,0.75800125,0.01467125,0.0176745,0.0058915,0.0176745,0.0058915,0.0176745,0.0058915,0.0176745,0.0058915
84,85.0,8528.564375,0.973365,0.8408774999999999,0.00876125,0.856369375,0.8223275,0.8759587500000001,0.5058987500000001,0.986559375,0.7556025,0.014624999999999999,0.017526,0.005842,0.017526,0.005842,0.017526,0.005842,0.017526,0.005842
85,86.0,8627.206875,0.9706781250000001,0.8427875,0.008760625000000001,0.86169875,0.8180125,0.87715375,0.5065181249999999,0.9829575,0.7565875,0.0145525,0.0173775,0.0057925,0.0173775,0.0057925,0.0173775,0.0057925,0.0173775,0.0057925
86,87.0,8726.039999999999,0.969869375,0.833889375,0.008679375,0.859058125,0.8244868750000001,0.8788499999999999,0.5078206249999999,0.981020625,0.75254375,0.014512500000000001,0.017229,0.005743,0.017229,0.005743,0.017229,0.005743,0.017229,0.005743
87,88.0,8824.818125,0.9686875,0.832890625,0.008666875000000001,0.857374375,0.826891875,0.8781818749999999,0.509018125,0.981275,0.7496750000000001,0.014495625,0.0170805,0.0056935,0.0170805,0.0056935,0.0170805,0.0056935,0.0170805,0.0056935
88,89.0,8923.43,0.9640125,0.8320350000000001,0.008675625,0.856778125,0.826874375,0.878601875,0.510264375,0.978655,0.74713875,0.014459375,0.016932,0.005644,0.016932,0.005644,0.016932,0.005644,0.016932,0.005644
89,90.0,9022.353125000001,0.96247375,0.8307856250000001,0.008655625,0.86271875,0.822659375,0.87844375,0.5111049999999999,0.9789368749999999,0.7394937500000001,0.01445625,0.0167835,0.0055945,0.0167835,0.0055945,0.0167835,0.0055945,0.0167835,0.0055945
90,91.0,9121.0775,0.958926875,0.818596875,0.00853375,0.861821875,0.82218375,0.878251875,0.5115475,0.976638125,0.736903125,0.014394375000000001,0.016635,0.005545,0.016635,0.005545,0.016635,0.005545,0.016635,0.005545
91,92.0,9219.95375,0.9608749999999999,0.82892875,0.008715625000000001,0.86119875,0.82443125,0.8789899999999999,0.5119799999999999,0.9737806250000001,0.7372993750000001,0.014336874999999999,0.0164865,0.0054955,0.0164865,0.0054955,0.0164865,0.0054955,0.0164865,0.0054955
92,93.0,9318.570625,0.958278125,0.822635625,0.008580625,0.859864375,0.8267387500000001,0.879529375,0.5126124999999999,0.9736425,0.7367875,0.014355625,0.016338,0.005446,0.016338,0.005446,0.016338,0.005446,0.016338,0.005446
93,94.0,9417.48875,0.956333125,0.8190575,0.008590625000000001,0.86315,0.825395625,0.880341875,0.514006875,0.972248125,0.734015625,0.014321875,0.0161895,0.0053965,0.0161895,0.0053965,0.0161895,0.0053965,0.0161895,0.0053965
94,95.0,9516.353125,0.953020625,0.818383125,0.008462500000000001,0.860116875,0.8294362500000001,0.88042625,0.51442375,0.9697325,0.733395,0.014263125,0.016041,0.005347,0.016041,0.005347,0.016041,0.005347,0.016041,0.005347
95,96.0,9615.249375,0.949020625,0.811268125,0.008398125000000001,0.861704375,0.82727375,0.880403125,0.515310625,0.966689375,0.73051125,0.014198125,0.0158925,0.0052975,0.0158925,0.0052975,0.0158925,0.0052975,0.0158925,0.0052975
96,97.0,9713.730625,0.94621,0.806764375,0.00848625,0.86331625,0.8299049999999999,0.880695625,0.51666375,0.963561875,0.729264375,0.01413375,0.015744,0.005248,0.015744,0.005248,0.015744,0.005248,0.015744,0.005248
97,98.0,9812.320625,0.9440575,0.805295,0.008485,0.86544,0.826254375,0.880495,0.5173418750000001,0.963031875,0.7288662499999999,0.014115625,0.0155955,0.0051985,0.0155955,0.0051985,0.0155955,0.0051985,0.0155955,0.0051985
98,99.0,9911.26125,0.946550625,0.812406875,0.008390625,0.8655074999999999,0.8272056249999999,0.88132,0.518263125,0.9623481250000001,0.7219087500000001,0.014114999999999999,0.015447,0.005149,0.015447,0.005149,0.015447,0.005149,0.015447,0.005149
99,100.0,10010.380000000001,0.943546875,0.808088125,0.008419375,0.86293625,0.8286262499999999,0.880969375,0.5189762499999999,0.9594075,0.722511875,0.014075,0.0152985,0.0050995,0.0152985,0.0050995,0.0152985,0.0050995,0.0152985,0.0050995
100,101.0,10108.94375,0.942163125,0.8034287499999999,0.008344375000000001,0.867980625,0.825601875,0.88144625,0.51913875,0.95798,0.718801875,0.014049375,0.01515,0.00505,0.01515,0.00505,0.01515,0.00505,0.01515,0.00505
101,102.0,10208.0375,0.940725625,0.80115375,0.008346875,0.8630268750000001,0.828910625,0.8816906250000001,0.5198081250000001,0.9558025,0.7189325,0.014014374999999999,0.0150015,0.0050005,0.0150015,0.0050005,0.0150015,0.0050005,0.0150015,0.0050005
102,103.0,10306.9375,0.9402825,0.7966268750000001,0.008376874999999999,0.8681993750000001,0.826640625,0.88224125,0.521474375,0.9537775,0.7180437500000001,0.013981875000000001,0.014853,0.004951,0.014853,0.004951,0.014853,0.004951,0.014853,0.004951
103,104.0,10405.73125,0.9340775,0.796984375,0.008345625,0.867225,0.8271375000000001,0.882683125,0.52189375,0.95234375,0.71710875,0.013960625,0.0147045,0.0049015,0.0147045,0.0049015,0.0147045,0.0049015,0.0147045,0.0049015
104,105.0,10504.7,0.93356,0.791920625,0.008276249999999999,0.864085,0.830494375,0.882429375,0.5227375,0.9493562499999999,0.718765,0.0139125,0.014556,0.004852,0.014556,0.004852,0.014556,0.004852,0.014556,0.004852
105,106.0,10603.525,0.9270925000000001,0.782718125,0.008247500000000001,0.8626925,0.8320212499999999,0.882349375,0.5228550000000001,0.94837875,0.719088125,0.013900625,0.0144075,0.0048025,0.0144075,0.0048025,0.0144075,0.0048025,0.0144075,0.0048025
106,107.0,10702.3875,0.9317887499999999,0.78963125,0.00827375,0.8622124999999999,0.832925625,0.882621875,0.5240456250000001,0.946091875,0.7155750000000001,0.01385625,0.014259,0.004753,0.014259,0.004753,0.014259,0.004753,0.014259,0.004753
107,108.0,10801.3875,0.93061875,0.791003125,0.008209375000000001,0.86680625,0.8315637499999999,0.8831374999999999,0.5248649999999999,0.944661875,0.714675,0.0138275,0.0141105,0.0047035,0.0141105,0.0047035,0.0141105,0.0047035,0.0141105,0.0047035
108,109.0,10900.225,0.9320006249999999,0.785495,0.00817375,0.866419375,0.8325106250000001,0.8836018750000001,0.5255506249999999,0.9443075,0.7102275,0.013821874999999999,0.013962,0.004654,0.013962,0.004654,0.013962,0.004654,0.013962,0.004654
109,110.0,10999.1875,0.924708125,0.7778025,0.008201875,0.8654325,0.83353625,0.883904375,0.5260812500000001,0.942570625,0.71118375,0.01378,0.0138135,0.0046045,0.0138135,0.0046045,0.0138135,0.0046045,0.0138135,0.0046045
110,111.0,11097.9625,0.921996875,0.773428125,0.008065,0.8646799999999999,0.83512125,0.884443125,0.52682,0.9413106250000001,0.70734375,0.013756874999999998,0.013665,0.004555,0.013665,0.004555,0.013665,0.004555,0.013665,0.004555
111,112.0,11196.83125,0.9187775,0.7710893750000001,0.00812625,0.8650556250000001,0.8357775,0.884895,0.527374375,0.9399431250000001,0.7075843749999999,0.013718125,0.0135165,0.0045055,0.0135165,0.0045055,0.0135165,0.0045055,0.0135165,0.0045055
112,113.0,11295.45,0.9183006250000001,0.771486875,0.008110625,0.8669743750000001,0.8356525,0.8856906250000001,0.5279443749999999,0.93892625,0.7057681250000001,0.0136975,0.013368,0.004456,0.013368,0.004456,0.013368,0.004456,0.013368,0.004456
113,114.0,11394.48125,0.9116887499999999,0.7600100000000001,0.0079925,0.8699175,0.83326375,0.8858675,0.5286062499999999,0.9378793750000001,0.7042556249999999,0.013675625,0.0132195,0.0044065,0.0132195,0.0044065,0.0132195,0.0044065,0.0132195,0.0044065
114,115.0,11493.2375,0.912761875,0.757895,0.00797875,0.86973375,0.834724375,0.8862025,0.529095,0.9366112500000001,0.704695625,0.01365625,0.013071,0.004357,0.013071,0.004357,0.013071,0.004357,0.013071,0.004357
115,116.0,11591.975,0.9080062499999999,0.75728,0.008011250000000001,0.86830875,0.83455125,0.886283125,0.529805,0.93555,0.7054043750000001,0.013648125,0.0129225,0.0043075,0.0129225,0.0043075,0.0129225,0.0043075,0.0129225,0.0043075
116,117.0,11691.0,0.90846125,0.760905625,0.00796125,0.869375625,0.8339568749999999,0.88643625,0.5303087500000001,0.934206875,0.70372625,0.0136175,0.012774,0.004258,0.012774,0.004258,0.012774,0.004258,0.012774,0.004258
117,118.0,11789.96875,0.9086562499999999,0.76244875,0.007976875,0.8698275,0.83431625,0.88675875,0.5306774999999999,0.93228375,0.7042875,0.013578125,0.0126255,0.0042085,0.0126255,0.0042085,0.0126255,0.0042085,0.0126255,0.0042085
118,119.0,11889.0625,0.909408125,0.75417875,0.007904375,0.8697231249999999,0.83552625,0.8868387499999999,0.53138,0.931468125,0.702966875,0.013565,0.012477,0.004159,0.012477,0.004159,0.012477,0.004159,0.012477,0.004159
119,120.0,11988.056250000001,0.905091875,0.7543025,0.007890000000000001,0.87039125,0.8351925,0.886885,0.531409375,0.931553125,0.69938625,0.013565625000000001,0.0123285,0.0041095,0.0123285,0.0041095,0.0123285,0.0041095,0.0123285,0.0041095
120,121.0,12086.725,0.89823375,0.74770125,0.007877499999999999,0.8735143750000001,0.834294375,0.887278125,0.532285,0.9303193750000001,0.6993631250000001,0.01353625,0.01218,0.00406,0.01218,0.00406,0.01218,0.00406,0.01218,0.00406
121,122.0,12185.39375,0.898395625,0.7457325000000001,0.007886250000000001,0.872495,0.8350731250000001,0.88724375,0.532405,0.92982875,0.69869,0.013528125,0.0120315,0.0040105,0.0120315,0.0040105,0.0120315,0.0040105,0.0120315,0.0040105
122,123.0,12284.09375,0.8952381250000001,0.745608125,0.007815,0.8735262500000001,0.8348249999999999,0.88722625,0.532821875,0.92834125,0.69997875,0.0134975,0.011883,0.003961,0.011883,0.003961,0.011883,0.003961,0.011883,0.003961
123,124.0,12382.79375,0.89276125,0.7403231250000001,0.007763125000000001,0.8740931249999999,0.8338637499999999,0.887720625,0.53335625,0.92728625,0.699180625,0.01347375,0.0117345,0.0039115,0.0117345,0.0039115,0.0117345,0.0039115,0.0117345,0.0039115
124,125.0,12481.3375,0.8935475,0.7361243749999999,0.00782625,0.8731131249999999,0.834675625,0.887929375,0.5336562499999999,0.9258575,0.69837375,0.013446875,0.011586,0.003862,0.011586,0.003862,0.011586,0.003862,0.011586,0.003862
125,126.0,12580.243750000001,0.8932800000000001,0.7350375,0.007819375,0.8758481250000001,0.832951875,0.88786875,0.533890625,0.924514375,0.699105,0.013425,0.0114375,0.0038125,0.0114375,0.0038125,0.0114375,0.0038125,0.0114375,0.0038125
126,127.0,12678.99375,0.8892875,0.7333093749999999,0.007724375,0.877446875,0.83173375,0.8881725,0.534480625,0.9236975000000001,0.698873125,0.013398750000000001,0.011289,0.003763,0.011289,0.003763,0.011289,0.003763,0.011289,0.003763
127,128.0,12777.91875,0.8848862500000001,0.7367025,0.007773749999999999,0.8755237499999999,0.832863125,0.888173125,0.53468625,0.92330875,0.697031875,0.01339375,0.0111405,0.0037135,0.0111405,0.0037135,0.0111405,0.0037135,0.0111405,0.0037135
128,129.0,12876.5125,0.8846637500000001,0.73072,0.007696875,0.871415,0.8362912499999999,0.8882531250000001,0.53547625,0.921930625,0.6969743749999999,0.013369375,0.010992,0.003664,0.010992,0.003664,0.010992,0.003664,0.010992,0.003664
129,130.0,12975.324999999999,0.88447875,0.7225425000000001,0.007725625,0.87504875,0.834359375,0.888901875,0.5363374999999999,0.92082,0.6961012499999999,0.013354375,0.0108435,0.0036145,0.0108435,0.0036145,0.0108435,0.0036145,0.0108435,0.0036145
130,131.0,13074.2125,0.8811725,0.723479375,0.007725,0.87750375,0.8330475,0.8886862499999999,0.536358125,0.9204693749999999,0.694745625,0.013346875000000001,0.010695,0.003565,0.010695,0.003565,0.010695,0.003565,0.010695,0.003565
131,132.0,13173.118750000001,0.88076625,0.7184425,0.0076412500000000005,0.87544875,0.83536375,0.888891875,0.53677,0.9195137499999999,0.69396875,0.013326250000000001,0.0105465,0.0035155,0.0105465,0.0035155,0.0105465,0.0035155,0.0105465,0.0035155
132,133.0,13271.6125,0.8781462499999999,0.726299375,0.00771,0.8722062500000001,0.8376593750000001,0.889243125,0.53784875,0.91847375,0.691993125,0.013309999999999999,0.010398,0.003466,0.010398,0.003466,0.010398,0.003466,0.010398,0.003466
133,134.0,13370.431250000001,0.868694375,0.714550625,0.007561875000000001,0.8709275000000001,0.839489375,0.889313125,0.5381750000000001,0.91775625,0.691019375,0.013299375,0.0102495,0.0034165,0.0102495,0.0034165,0.0102495,0.0034165,0.0102495,0.0034165
134,135.0,13469.26875,0.8767849999999999,0.7173818750000001,0.00757875,0.87131625,0.838613125,0.8890899999999999,0.538448125,0.916564375,0.6911975,0.013278749999999999,0.010101,0.003367,0.010101,0.003367,0.010101,0.003367,0.010101,0.003367
135,136.0,13567.83125,0.87351875,0.715964375,0.0075650000000000005,0.8711543749999999,0.838368125,0.8894200000000001,0.5388175,0.915618125,0.691158125,0.0132725,0.0099525,0.0033175,0.0099525,0.0033175,0.0099525,0.0033175,0.0099525,0.0033175
136,137.0,13666.474999999999,0.867970625,0.7175725,0.007578125,0.872405,0.83859375,0.889728125,0.539400625,0.914536875,0.68932375,0.013248125,0.009804,0.003268,0.009804,0.003268,0.009804,0.003268,0.009804,0.003268
137,138.0,13765.04375,0.869298125,0.719349375,0.007568125,0.8786425,0.833280625,0.889863125,0.5398468750000001,0.9133606249999999,0.6893125,0.013223125,0.0096555,0.0032185,0.0096555,0.0032185,0.0096555,0.0032185,0.0096555,0.0032185
138,139.0,13863.99375,0.866201875,0.7116256249999999,0.00753875,0.876554375,0.83549625,0.889920625,0.54024375,0.912226875,0.68869625,0.013195624999999999,0.009507,0.003169,0.009507,0.003169,0.009507,0.003169,0.009507,0.003169
139,140.0,13962.6875,0.86234875,0.70533625,0.007526875,0.871393125,0.83903375,0.8897256250000001,0.540451875,0.91078375,0.6887099999999999,0.0131725,0.0093585,0.0031195,0.0093585,0.0031195,0.0093585,0.0031195,0.0093585,0.0031195
140,141.0,14061.431250000001,0.86452,0.709484375,0.00741625,0.8697762499999999,0.840255,0.88975375,0.541051875,0.90991375,0.6868974999999999,0.013159375000000001,0.00921,0.00307,0.00921,0.00307,0.00921,0.00307,0.00921,0.00307
141,142.0,14160.15,0.86041375,0.700585,0.00748375,0.871310625,0.8404262499999999,0.8899975,0.5414975,0.9091256249999999,0.686441875,0.013149375000000001,0.0090615,0.0030205,0.0090615,0.0030205,0.0090615,0.0030205,0.0090615,0.0030205
142,143.0,14258.943749999999,0.857333125,0.696645625,0.007388125000000001,0.870688125,0.84066,0.8898124999999999,0.542030625,0.908203125,0.68637875,0.01313125,0.008913,0.002971,0.008913,0.002971,0.008913,0.002971,0.008913,0.002971
143,144.0,14357.73125,0.857496875,0.70151,0.007399375,0.869503125,0.843005625,0.889876875,0.542395,0.90737,0.6858006249999999,0.013115,0.0087645,0.0029215,0.0087645,0.0029215,0.0087645,0.0029215,0.0087645,0.0029215
144,145.0,14456.3125,0.8569925,0.69495375,0.007315625,0.870958125,0.841585,0.8899412499999999,0.542875625,0.9066350000000001,0.685134375,0.0131,0.008616,0.002872,0.008616,0.002872,0.008616,0.002872,0.008616,0.002872
145,146.0,14554.9875,0.850654375,0.69320375,0.0073481250000000005,0.87094125,0.841415,0.889721875,0.5433725,0.9052493749999999,0.6866174999999999,0.013071875,0.0084675,0.0028225,0.0084675,0.0028225,0.0084675,0.0028225,0.0084675,0.0028225
146,147.0,14653.962500000001,0.85056875,0.6898593749999999,0.007334375,0.8699524999999999,0.843339375,0.88990875,0.5435862499999999,0.9043987499999999,0.685225,0.013060625,0.008319,0.002773,0.008319,0.002773,0.008319,0.002773,0.008319,0.002773
147,148.0,14752.631249999999,0.850524375,0.688898125,0.007309375,0.869305,0.8437637499999999,0.8899425000000001,0.5443,0.903705625,0.6842825,0.01304125,0.0081705,0.0027235,0.0081705,0.0027235,0.0081705,0.0027235,0.0081705,0.0027235
148,149.0,14851.0875,0.845889375,0.6874018749999999,0.007335625,0.870973125,0.84257875,0.890243125,0.54483375,0.90270375,0.684118125,0.013020625000000001,0.008022,0.002674,0.008022,0.002674,0.008022,0.002674,0.008022,0.002674
149,150.0,14950.075,0.8467312499999999,0.687291875,0.00732375,0.873968125,0.840068125,0.8902931249999999,0.544959375,0.9016575,0.68436875,0.013013750000000001,0.0078735,0.0026245,0.0078735,0.0026245,0.0078735,0.0026245,0.0078735,0.0026245
150,151.0,15048.85,0.84630375,0.6851275,0.00724375,0.8734968750000001,0.8400925,0.890249375,0.54523625,0.9008075,0.6845475000000001,0.0129875,0.007725,0.002575,0.007725,0.002575,0.007725,0.002575,0.007725,0.002575
151,152.0,15147.41875,0.841104375,0.6823025,0.0072725,0.869645625,0.8442575,0.89051375,0.54578125,0.899791875,0.68381,0.012968125,0.0075765,0.0025255,0.0075765,0.0025255,0.0075765,0.0025255,0.0075765,0.0025255
152,153.0,15246.212500000001,0.840618125,0.68487375,0.00723375,0.871421875,0.8419356250000001,0.890600625,0.5465375,0.898676875,0.68291,0.012954375,0.007428,0.002476,0.007428,0.002476,0.007428,0.002476,0.007428,0.002476
153,154.0,15345.150000000001,0.83993125,0.6760775,0.007130625,0.87154,0.84165625,0.89078375,0.5470118749999999,0.8975375,0.683129375,0.012935,0.0072795,0.0024265,0.0072795,0.0024265,0.0072795,0.0024265,0.0072795,0.0024265
154,155.0,15444.01875,0.834629375,0.671844375,0.00716,0.8744475,0.839868125,0.891195,0.5475337499999999,0.89632125,0.6823475,0.012923125,0.007131,0.002377,0.007131,0.002377,0.007131,0.002377,0.007131,0.002377
155,156.0,15543.00625,0.83432125,0.672471875,0.007151875,0.8735362499999999,0.8417343749999999,0.89124125,0.54821875,0.895265625,0.681055,0.012906250000000001,0.0069825,0.0023275,0.0069825,0.0023275,0.0069825,0.0023275,0.0069825,0.0023275
156,157.0,15641.75625,0.835773125,0.68034375,0.0071649999999999995,0.87349125,0.842695,0.8914387500000001,0.5487425,0.8943218749999999,0.6805525,0.012891875,0.006834,0.002278,0.006834,0.002278,0.006834,0.002278,0.006834,0.002278
157,158.0,15740.25,0.8317749999999999,0.675050625,0.007194375,0.8731662499999999,0.84321375,0.8914562500000001,0.549356875,0.8934543749999999,0.679916875,0.0128725,0.0066855,0.0022285,0.0066855,0.0022285,0.0066855,0.0022285,0.0066855,0.0022285
158,159.0,15838.78125,0.82863,0.6717225,0.007108125,0.872451875,0.84382125,0.8917900000000001,0.5499031249999999,0.892655625,0.67988625,0.012864375,0.006537,0.002179,0.006537,0.002179,0.006537,0.002179,0.006537,0.002179
159,160.0,15937.775,0.8318231250000001,0.675168125,0.007131874999999999,0.87345,0.843895,0.8920131250000001,0.550326875,0.8920412499999999,0.67921,0.012848749999999999,0.0063885,0.0021295,0.0063885,0.0021295,0.0063885,0.0021295,0.0063885,0.0021295
160,161.0,16036.41875,0.827348125,0.6669050000000001,0.0070418749999999995,0.8724624999999999,0.8435675,0.89192375,0.5502225000000001,0.89134,0.67961375,0.012839375,0.00624,0.00208,0.00624,0.00208,0.00624,0.00208,0.00624,0.00208
161,162.0,16135.19375,0.823854375,0.66011125,0.00707375,0.873963125,0.8434975,0.892191875,0.5504193749999999,0.890565625,0.679265,0.01282875,0.0060915,0.0020305,0.0060915,0.0020305,0.0060915,0.0020305,0.0060915,0.0020305
162,163.0,16233.89375,0.82260625,0.6649856249999999,0.007085,0.87697125,0.84143125,0.8925568749999999,0.551231875,0.8898668750000001,0.67768875,0.012815,0.005943,0.001981,0.005943,0.001981,0.005943,0.001981,0.005943,0.001981
163,164.0,16332.65625,0.8244775,0.668841875,0.0070775000000000005,0.8771025,0.840764375,0.89237625,0.551643125,0.888655625,0.678165,0.012800625,0.0057945,0.0019315,0.0057945,0.0019315,0.0057945,0.0019315,0.0057945,0.0019315
164,165.0,16431.09375,0.8193425000000001,0.6579412499999999,0.006956250000000001,0.877786875,0.8396637499999999,0.892423125,0.5522575000000001,0.887990625,0.6777975,0.012786875,0.005646,0.001882,0.005646,0.001882,0.005646,0.001882,0.005646,0.001882
165,166.0,16529.9625,0.8146487499999999,0.660675,0.006968749999999999,0.877799375,0.84040125,0.892543125,0.55214125,0.8876425000000001,0.677971875,0.012779374999999999,0.0054975,0.0018325,0.0054975,0.0018325,0.0054975,0.0018325,0.0054975,0.0018325
166,167.0,16628.737500000003,0.8190625,0.659315625,0.006985,0.878695,0.8398068750000001,0.8928525,0.552164375,0.88707875,0.6784175,0.012772499999999999,0.005349,0.001783,0.005349,0.001783,0.005349,0.001783,0.005349,0.001783
167,168.0,16727.51875,0.812710625,0.651915,0.0068781250000000006,0.876826875,0.843340625,0.8930862500000001,0.55272875,0.886459375,0.678036875,0.012758124999999999,0.0052005,0.0017335,0.0052005,0.0017335,0.0052005,0.0017335,0.0052005,0.0017335
168,169.0,16826.15,0.812493125,0.656859375,0.00692625,0.8765856249999999,0.8430793750000001,0.8934493750000001,0.552960625,0.885515,0.678356875,0.01273875,0.005052,0.001684,0.005052,0.001684,0.005052,0.001684,0.005052,0.001684
169,170.0,16925.0125,0.81489375,0.65493625,0.006943125,0.876601875,0.842795,0.89341375,0.5530943749999999,0.884554375,0.6792400000000001,0.012726875,0.0049035,0.0016345,0.0049035,0.0016345,0.0049035,0.0016345,0.0049035,0.0016345
170,171.0,17023.78125,0.81005375,0.65011625,0.0068787499999999994,0.875416875,0.8452875,0.8932175,0.5530468749999999,0.8844868749999999,0.67796375,0.012730624999999999,0.004755,0.001585,0.004755,0.001585,0.004755,0.001585,0.004755,0.001585
171,172.0,17123.45,0.8096831250000001,0.6504399999999999,0.0069025,0.8749037500000001,0.8452143750000001,0.89293125,0.5533987499999999,0.88361375,0.6784943750000001,0.01271375,0.0046065,0.0015355,0.0046065,0.0015355,0.0046065,0.0015355,0.0046065,0.0015355
172,173.0,17222.449999999997,0.8029137500000001,0.6436318750000001,0.00677375,0.8750568750000001,0.844471875,0.892875,0.5541162500000001,0.88284125,0.6782693750000001,0.01269625,0.004458,0.001486,0.004458,0.001486,0.004458,0.001486,0.004458,0.001486
173,174.0,17321.19375,0.802159375,0.644073125,0.00677125,0.87700625,0.842624375,0.89289375,0.5544806250000001,0.882385625,0.6767993750000001,0.01269875,0.0043095,0.0014365,0.0043095,0.0014365,0.0043095,0.0014365,0.0043095,0.0014365
174,175.0,17420.44375,0.7995512499999999,0.63984625,0.006789999999999999,0.875248125,0.8444262499999999,0.8930325,0.5550600000000001,0.8815087500000001,0.6781525,0.012691250000000001,0.004161,0.001387,0.004161,0.001387,0.004161,0.001387,0.004161,0.001387
175,176.0,17519.268750000003,0.7981075,0.643633125,0.006820625,0.875271875,0.84568375,0.8933481249999999,0.555349375,0.8808631250000001,0.6769325,0.012683125,0.0040125,0.0013375,0.0040125,0.0013375,0.0040125,0.0013375,0.0040125,0.0013375
176,177.0,17618.6125,0.798929375,0.64054875,0.006775625,0.875221875,0.8449125,0.89339,0.555496875,0.88026625,0.677493125,0.012655,0.003864,0.001288,0.003864,0.001288,0.003864,0.001288,0.003864,0.001288
177,178.0,17718.0625,0.7973250000000001,0.63791625,0.006732500000000001,0.875539375,0.8445525,0.89332375,0.555490625,0.8795487500000001,0.677848125,0.012647499999999999,0.0037155,0.0012385,0.0037155,0.0012385,0.0037155,0.0012385,0.0037155,0.0012385
178,179.0,17816.725,0.79605625,0.6365218749999999,0.006710000000000001,0.8778975,0.84261625,0.893200625,0.5558725,0.87884,0.6778262500000001,0.012634375,0.003567,0.001189,0.003567,0.001189,0.003567,0.001189,0.003567,0.001189
179,180.0,17915.66875,0.7951287499999999,0.6325618749999999,0.00671625,0.8793325000000001,0.841855625,0.893504375,0.556298125,0.87835625,0.6761431250000001,0.01262125,0.0034185,0.0011395,0.0034185,0.0011395,0.0034185,0.0011395,0.0034185,0.0011395
180,181.0,18014.643750000003,0.7941400000000001,0.6359575,0.006703125000000001,0.8777875,0.8433612500000001,0.893534375,0.55662375,0.8774825,0.6764456249999999,0.012611250000000001,0.00327,0.00109,0.00327,0.00109,0.00327,0.00109,0.00327,0.00109
181,182.0,18113.51875,0.79114125,0.636375,0.006749375,0.878443125,0.843018125,0.8935787500000001,0.556723125,0.876515,0.677489375,0.01259375,0.0031215,0.0010405,0.0031215,0.0010405,0.0031215,0.0010405,0.0031215,0.0010405
182,183.0,18213.16875,0.792168125,0.62927,0.00663,0.8816356249999999,0.8403700000000001,0.893810625,0.557521875,0.8757325,0.6753437499999999,0.012578124999999999,0.002973,0.000991,0.002973,0.000991,0.002973,0.000991,0.002973,0.000991
183,184.0,18312.675,0.79063125,0.629894375,0.006653125,0.879035625,0.8435,0.89388375,0.557849375,0.874813125,0.67611,0.0125575,0.0028245,0.0009415,0.0028245,0.0009415,0.0028245,0.0009415,0.0028245,0.0009415
184,185.0,18411.93125,0.7894806249999999,0.632159375,0.006689375,0.880590625,0.84213125,0.893853125,0.557990625,0.874599375,0.67579,0.012552500000000001,0.002676,0.000892,0.002676,0.000892,0.002676,0.000892,0.002676,0.000892
185,186.0,18511.23125,0.788704375,0.6310024999999999,0.006658125,0.88735125,0.834953125,0.8937587499999999,0.55817125,0.8741425,0.6757,0.01254375,0.0025275,0.0008425,0.0025275,0.0008425,0.0025275,0.0008425,0.0025275,0.0008425
186,187.0,18610.7875,0.784611875,0.628315,0.0066075,0.8876412499999999,0.8357631249999999,0.89397375,0.5585431249999999,0.8733481249999999,0.67521125,0.01253,0.002379,0.000793,0.002379,0.000793,0.002379,0.000793,0.002379,0.000793
187,188.0,18710.25,0.7813512499999999,0.62857875,0.006575000000000001,0.8880818749999999,0.83588,0.8942174999999999,0.5589143750000001,0.872529375,0.674416875,0.012518125,0.0022305,0.0007435,0.0022305,0.0007435,0.0022305,0.0007435,0.0022305,0.0007435
188,189.0,18809.643750000003,0.779568125,0.62077625,0.00658625,0.8906775,0.834856875,0.89441875,0.559318125,0.871411875,0.674229375,0.012505,0.002082,0.000694,0.002082,0.000694,0.002082,0.000694,0.002082,0.000694
189,190.0,18908.90625,0.7800849999999999,0.6242237500000001,0.006602500000000001,0.8902174999999999,0.835354375,0.89451875,0.5600050000000001,0.869960625,0.67503125,0.012477499999999999,0.0019335,0.0006445,0.0019335,0.0006445,0.0019335,0.0006445,0.0019335,0.0006445
190,191.0,19007.34375,0.7530868749999999,0.51637625,0.007435625,0.889191875,0.83590125,0.89454625,0.560139375,0.8694906250000001,0.6743656250000001,0.01246875,0.001785,0.000595,0.001785,0.000595,0.001785,0.000595,0.001785,0.000595
191,192.0,19105.324999999997,0.730336875,0.4934625,0.007136874999999999,0.890050625,0.835776875,0.8949725,0.560749375,0.868895,0.673371875,0.01245375,0.0016365,0.0005455,0.0016365,0.0005455,0.0016365,0.0005455,0.0016365,0.0005455
192,193.0,19203.20625,0.72435,0.489106875,0.007093749999999999,0.889435625,0.835954375,0.894835,0.5610525,0.86815625,0.6729375,0.012438125000000001,0.001488,0.000496,0.001488,0.000496,0.001488,0.000496,0.001488,0.000496
193,194.0,19300.41875,0.723208125,0.482421875,0.00707375,0.88946625,0.83633,0.894719375,0.5614306250000001,0.867356875,0.67259875,0.01242625,0.0013395,0.0004465,0.0013395,0.0004465,0.0013395,0.0004465,0.0013395,0.0004465
194,195.0,19398.05,0.71581875,0.4829225,0.006974375,0.889995,0.8364475,0.894859375,0.5619231250000001,0.8662812499999999,0.67152625,0.012403750000000002,0.001191,0.000397,0.001191,0.000397,0.001191,0.000397,0.001191,0.000397
195,196.0,19495.581250000003,0.72008375,0.488253125,0.007135,0.889826875,0.837136875,0.89500625,0.5624100000000001,0.8654950000000001,0.67128625,0.01238875,0.0010425,0.0003475,0.0010425,0.0003475,0.0010425,0.0003475,0.0010425,0.0003475
196,197.0,19593.074999999997,0.7150181250000001,0.48256062499999997,0.0069318750000000005,0.890630625,0.8368156250000001,0.895029375,0.5628831249999999,0.865089375,0.669195,0.012379999999999999,0.000894,0.000298,0.000894,0.000298,0.000894,0.000298,0.000894,0.000298
197,198.0,19690.375,0.712678125,0.478008125,0.006968749999999999,0.890815,0.8370593749999999,0.8950918750000001,0.56347625,0.8640981249999999,0.668984375,0.012365000000000001,0.0007455,0.0002485,0.0007455,0.0002485,0.0007455,0.0002485,0.0007455,0.0002485
198,199.0,19788.15,0.7130387499999999,0.47479375,0.006884375,0.891816875,0.83689375,0.895040625,0.56383,0.8632431250000001,0.6683775,0.01235,0.000597,0.000199,0.000597,0.000199,0.000597,0.000199,0.000597,0.000199
199,200.0,19885.550000000003,0.7110581250000001,0.4783675,0.00697875,0.88327375,0.844095,0.89503875,0.564046875,0.862541875,0.668120625,0.012341249999999998,0.0004485,0.0001495,0.0004485,0.0001495,0.0004485,0.0001495,0.0004485,0.0001495
